Tome,Titre
Tome 1 Couverture VO Infobox,
Tome 1 Couverture VF Infobox,
Tome 2 Couverture VO Infobox,
Tome 2 Couverture VF Infobox,
Tome 3 Couverture VO Infobox,
Tome 3 Couverture VF Infobox,
Tome 4 Couverture VO Infobox,
Tome 4 Couverture VF Infobox,
Tome 5 Couverture VO Infobox,
Tome 5 Couverture VF Infobox,
Tome 6 Couverture VO Infobox,
Tome 6 Couverture VF Infobox,
Tome 7 Couverture VO Infobox,
Tome 7 Couverture VF Infobox,
Tome 8 Couverture VO Infobox,
Tome 8 Couverture VF Infobox,
Tome 9 Couverture VO Infobox,
Tome 9 Couverture VF Infobox,
Tome 10 Couverture VO Infobox,
Tome 10 Couverture VF Infobox,
